row key,personal:age,personal:address,professional:salary,professional:position
Sarah Johnson,28,123 Main St,55000,Software Developer
David Lee,35,456 Elm St,75000,Marketing Manager
Emily Brown,42,789 Oak St,90000,Project Manager
Kevin Chen,29,246 Pine St,60000,Accountant
Ava Rodriguez,31,135 Maple St,65000,IT Analyst
Oliver Wilson,26,789 Cedar St,50000,Human Resources Coordinator
Sophie Davis,38,789 Birch St,85000,Operations Manager
Ethan Lewis,43,234 Pine St,95000,Senior Software Engineer
Liam Jackson,27,456 Elm St,55000,Technical Writer
Natalie Taylor,33,789 Oak St,70000,Business Analyst
Jacob Martin,30,123 Main St,65000,Marketing Coordinator
Ella Adams,36,246 Pine St,80000,Financial Analyst
Lucas Martinez,44,135 Maple St,100000,Director of Operations
Grace Mitchell,28,789 Cedar St,55000,Junior Developer
Isabella Turner,39,789 Birch St,90000,Senior Manager
